{"OutputFileHashSum":"1CAAAE2713A2AA7F4C1E355D8FA24DC71F79030F85298D1330E0754A21FEAD25","Converted":true,"OutputModifyDate":"2024-02-12T09:20:06.0741243Z","Metadatas":[{"CategoryName":"VuGen.Replay","Offset":1902,"Length":234,"TypeId":1},{"CategoryName":"VuGen.Replay","Offset":2531,"Length":23,"TypeId":2},{"CategoryName":"VuGen.Replay","Offset":2554,"Length":226,"TypeId":1},{"CategoryName":"VuGen.Replay","Offset":4246,"Length":163,"TypeId":3},{"CategoryName":"VuGen.Replay","Offset":4409,"Length":153,"TypeId":3},{"CategoryName":"VuGen.Replay","Offset":4721,"Length":21,"TypeId":2},{"CategoryName":"VuGen.Replay","Offset":5416,"Length":166,"TypeId":3},{"CategoryName":"VuGen.Replay","Offset":5582,"Length":160,"TypeId":3}],"MetadataTypes":[{"CategoryName":"VuGen.Replay","MetadataTypeName":"Utt.Debugger.Warning","Id":1},{"CategoryName":"VuGen.Replay","MetadataTypeName":"HP.LR.Vugen.Iteration","Id":2},{"CategoryName":"VuGen.Replay","MetadataTypeName":"Utt.Debugger.Error","Id":3}]}