[
    {
        "actionName": "Action",
        "steps": [
            {
                "stepId": "STEP2",
                "stepName": "Custom Request: login",
                "infFile": "t2.inf",
                "time": 1707729603180
            },
            {
                "stepId": "STEP3",
                "stepName": "Url: contactList",
                "infFile": "t3.inf",
                "time": 1707729604553
            },
            {
                "stepId": "STEP4",
                "stepName": "Custom Request: json",
                "infFile": "t4.inf",
                "time": 1707729605020
            },
            {
                "stepId": "STEP5",
                "stepName": "Custom Request: contacts",
                "infFile": "t5.inf",
                "time": 1707729605292
            }
        ],
        "transactions": []
    }
]