{
  "FilterHeaders": [
    {
      "Header": "user-agent",
      "IncludeInScript": false
    },
    {
      "Header": "upgrade-insecure-requests",
      "IncludeInScript": false
    },
    {
      "Header": "sec-fetch-site",
      "IncludeInScript": false
    },
    {
      "Header": "sec-fetch-mode",
      "IncludeInScript": false
    },
    {
      "Header": "sec-fetch-dest",
      "IncludeInScript": false
    },
    {
      "Header": "sec-ch-ua-platform",
      "IncludeInScript": false
    },
    {
      "Header": "sec-ch-ua-mobile",
      "IncludeInScript": false
    },
    {
      "Header": "sec-ch-ua",
      "IncludeInScript": false
    },
    {
      "Header": "origin",
      "IncludeInScript": false
    },
    {
      "Header": "if-none-match",
      "IncludeInScript": false
    },
    {
      "Header": "if-modified-since",
      "IncludeInScript": false
    },
    {
      "Header": "accept-language",
      "IncludeInScript": false
    },
    {
      "Header": "accept-encoding",
      "IncludeInScript": false
    },
    {
      "Header": "accept",
      "IncludeInScript": false
    },
    {
      "Header": "a-im",
      "IncludeInScript": false
    }
  ],
  "FilterResources": [
    {
      "IsNonResource": true,
      "type": "text/html"
    },
    {
      "IsNonResource": false,
      "type": "text/css"
    },
    {
      "IsNonResource": false,
      "type": "image/png"
    },
    {
      "IsNonResource": false,
      "type": "application/javascript"
    }
  ],
  "GeneralInfo": {
    "BrowserVersion": "",
    "IsWinInetMode": false,
    "MaxUsedConnections": 12,
    "RecordedBrowser": "Chrome",
    "RecordingDate": "Feb-09-2024",
    "RecordingDuration": 45578,
    "RecordingMode": "N/A",
    "RecordingTimeStamp": 1707461713,
    "RecordingType": "Browser",
    "TotalBytesReceived": 226879,
    "TotalBytesSent": 10335,
    "TotalRequests": 20,
    "UserAgent": "Mozilla/5.0 (Windows NT 10.0; Win64; x64) AppleWebKit/537.36 (KHTML, like Gecko) Chrome/121.0.0.0 Safari/537.36"
  },
  "HostInfo": [
    {
      "DomainName": "uitestingplayground.com",
      "Domains": [
        {
          "HTTPVersion": "HTTP/1.1",
          "IP": "52.234.209.94",
          "IncludeInScript": true,
          "Name": "uitestingplayground.com",
          "Port": 80,
          "Requests": [
            {
              "CompressionType": "",
              "DataType": "",
              "DownloadTime": 265,
              "EventId": 164,
              "HttpStatus": 304,
              "Size": 0,
              "URL": "http://uitestingplayground.com/static/prism.js"
            },
            {
              "CompressionType": "",
              "DataType": "",
              "DownloadTime": 281,
              "EventId": 162,
              "HttpStatus": 304,
              "Size": 0,
              "URL": "http://uitestingplayground.com/static/cube.png"
            },
            {
              "CompressionType": "",
              "DataType": "",
              "DownloadTime": 281,
              "EventId": 160,
              "HttpStatus": 304,
              "Size": 0,
              "URL": "http://uitestingplayground.com/static/style.css"
            },
            {
              "CompressionType": "",
              "DataType": "",
              "DownloadTime": 281,
              "EventId": 158,
              "HttpStatus": 304,
              "Size": 0,
              "URL": "http://uitestingplayground.com/static/prism.css"
            },
            {
              "CompressionType": "",
              "DataType": "",
              "DownloadTime": 281,
              "EventId": 152,
              "HttpStatus": 304,
              "Size": 0,
              "URL": "http://uitestingplayground.com/"
            },
            {
              "CompressionType": "",
              "DataType": "",
              "DownloadTime": 266,
              "EventId": 149,
              "HttpStatus": 304,
              "Size": 0,
              "URL": "http://uitestingplayground.com/static/prism.js"
            },
            {
              "CompressionType": "",
              "DataType": "",
              "DownloadTime": 265,
              "EventId": 147,
              "HttpStatus": 304,
              "Size": 0,
              "URL": "http://uitestingplayground.com/static/prism.css"
            },
            {
              "CompressionType": "",
              "DataType": "",
              "DownloadTime": 281,
              "EventId": 145,
              "HttpStatus": 304,
              "Size": 0,
              "URL": "http://uitestingplayground.com/static/style.css"
            },
            {
              "CompressionType": "gzip",
              "DataType": "text/html",
              "DownloadTime": 281,
              "EventId": 136,
              "HttpStatus": 200,
              "Size": 2084,
              "URL": "http://uitestingplayground.com/dynamictable"
            },
            {
              "CompressionType": "",
              "DataType": "text/html",
              "DownloadTime": 265,
              "EventId": 113,
              "HttpStatus": 404,
              "Size": 150,
              "URL": "http://uitestingplayground.com/favicon.ico"
            },
            {
              "CompressionType": "",
              "DataType": "image/png",
              "DownloadTime": 266,
              "EventId": 104,
              "HttpStatus": 200,
              "Size": 324,
              "URL": "http://uitestingplayground.com/static/fork.png"
            },
            {
              "CompressionType": "gzip",
              "DataType": "application/javascript",
              "DownloadTime": 281,
              "EventId": 42,
              "HttpStatus": 200,
              "Size": 5216,
              "URL": "http://uitestingplayground.com/static/prism.js"
            },
            {
              "CompressionType": "",
              "DataType": "image/png",
              "DownloadTime": 281,
              "EventId": 39,
              "HttpStatus": 200,
              "Size": 171778,
              "URL": "http://uitestingplayground.com/static/cube.png"
            },
            {
              "CompressionType": "gzip",
              "DataType": "text/css",
              "DownloadTime": 265,
              "EventId": 37,
              "HttpStatus": 200,
              "Size": 952,
              "URL": "http://uitestingplayground.com/static/style.css"
            },
            {
              "CompressionType": "gzip",
              "DataType": "text/css",
              "DownloadTime": 266,
              "EventId": 35,
              "HttpStatus": 200,
              "Size": 1127,
              "URL": "http://uitestingplayground.com/static/prism.css"
            },
            {
              "CompressionType": "gzip",
              "DataType": "text/html",
              "DownloadTime": 265,
              "EventId": 14,
              "HttpStatus": 200,
              "Size": 3068,
              "URL": "http://uitestingplayground.com/"
            }
          ],
          "SSLCipher": "None",
          "SSLVersion": "None"
        }
      ],
      "IncludeInScript": true
    },
    {
      "DomainName": "googleapis.com",
      "Domains": [
        {
          "HTTPVersion": "HTTP/1.1",
          "IP": "142.250.76.35",
          "IncludeInScript": true,
          "Name": "clientservices.googleapis.com",
          "Port": 443,
          "Requests": [
            {
              "CompressionType": "",
              "DataType": "",
              "DownloadTime": 203,
              "EventId": 18,
              "HttpStatus": 304,
              "Size": 0,
              "URL": "https://clientservices.googleapis.com/chrome-variations/seed?osname=win&channel=stable&milestone=121"
            }
          ],
          "SSLCipher": "",
          "SSLVersion": ""
        }
      ],
      "IncludeInScript": true
    },
    {
      "DomainName": "github.io",
      "Domains": [
        {
          "HTTPVersion": "HTTP/1.1",
          "IP": "185.199.110.153",
          "IncludeInScript": true,
          "Name": "buttons.github.io",
          "Port": 443,
          "Requests": [
            {
              "CompressionType": "gzip",
              "DataType": "application/javascript",
              "DownloadTime": 31,
              "EventId": 64,
              "HttpStatus": 200,
              "Size": 6828,
              "URL": "https://buttons.github.io/buttons.js"
            }
          ],
          "SSLCipher": "TLS_AES_128_GCM_SHA256",
          "SSLVersion": "TLS1.3"
        }
      ],
      "IncludeInScript": true
    },
    {
      "DomainName": "bootstrapcdn.com",
      "Domains": [
        {
          "HTTPVersion": "HTTP/1.1",
          "IP": "104.18.11.207",
          "IncludeInScript": true,
          "Name": "maxcdn.bootstrapcdn.com",
          "Port": 443,
          "Requests": [
            {
              "CompressionType": "br",
              "DataType": "text/css",
              "DownloadTime": 31,
              "EventId": 68,
              "HttpStatus": 200,
              "Size": 21823,
              "URL": "https://maxcdn.bootstrapcdn.com/bootstrap/4.0.0/css/bootstrap.min.css"
            },
            {
              "CompressionType": "br",
              "DataType": "application/javascript",
              "DownloadTime": 31,
              "EventId": 61,
              "HttpStatus": 200,
              "Size": 13529,
              "URL": "https://maxcdn.bootstrapcdn.com/bootstrap/4.0.0/js/bootstrap.min.js"
            }
          ],
          "SSLCipher": "TLS_AES_256_GCM_SHA384",
          "SSLVersion": "TLS1.3"
        }
      ],
      "IncludeInScript": true
    }
  ],
  "WebSocket": {
    "IncludeInScript": false,
    "IsScriptIncludeWebSocket": false
  },
  "NumberOfCorrelations": 0
}