{"OutputFileHashSum":"6237DA7FECBD668A42FC0C0E42B29636363AFE96475BB350ED94993506E5F64C","Converted":true,"OutputModifyDate":"2024-02-09T05:15:03.4220577Z","Metadatas":[{"CategoryName":"VuGen.Replay","Offset":3232,"Length":23,"TypeId":1},{"CategoryName":"VuGen.Replay","Offset":3255,"Length":226,"TypeId":2},{"CategoryName":"VuGen.Replay","Offset":7399,"Length":21,"TypeId":1}],"MetadataTypes":[{"CategoryName":"VuGen.Replay","MetadataTypeName":"HP.LR.Vugen.Iteration","Id":1},{"CategoryName":"VuGen.Replay","MetadataTypeName":"Utt.Debugger.Warning","Id":2}]}