[
    {
        "actionName": "DynamicTable",
        "steps": [
            {
                "stepId": "STEP2",
                "stepName": "Custom Request: json",
                "infFile": "t3.inf",
                "time": 1707455701129
            },
            {
                "stepId": "STEP3",
                "stepName": "Url: dynamictable",
                "infFile": "t4.inf",
                "time": 1707455701776
            }
        ],
        "transactions": []
    },
    {
        "actionName": "DynamicId",
        "steps": [
            {
                "stepId": "STEP4",
                "stepName": "Url: dynamicid",
                "infFile": "t5.inf",
                "time": 1707455702428
            }
        ],
        "transactions": []
    }
]